TRANSACTION_ID,AMOUNT,DATE,LABEL,REFERENCE,TYPE,INVOICE_ID
3994,2302.78,2024-02-29,ARCHITECT INNOVATIVE INFO-MEDIARIES,FNsD46981,UNMATCHED,7550
3995,2778.56,2023-12-29,TARGET HOLISTIC FUNCTIONALITIES,JZsY35820,UNMATCHED,7552
3996,916.25,2024-07-10,SEIZE KILLER APPLICATIONS,KFno18479,UNMATCHED,7553
3997,15264.13,2024-09-13,REINVENT B2B BANDWIDTH,sqGZ97307,UNMATCHED,7556
3998,6583.9,2024-09-30,INNOVATE STRATEGIC INFRASTRUCTURES,espn01734,UNMATCHED,7557
3999,28810.62,2024-01-22,RE-INTERMEDIATE SCALABLE MINDSHARE,cLah22463,UNMATCHED,7561
4000,11266.92,2024-05-29,DELIVER CUSTOMIZED NICHES,OATb73434,UNMATCHED,7564
4001,13193.39,2024-09-12,PRODUCTIZE COLLABORATIVE CONVERGENCE,xNXS80808,UNMATCHED,7568
4002,1711.62,2024-05-10,EXPEDITE ONE-TO-ONE RELATIONSHIPS,BQAN13197,UNMATCHED,7571
4003,2959.2,2025-05-24,REDEFINE VIRTUAL CONVERGENCE,eEfP25176,UNMATCHED,7572
4004,19382.44,2024-11-16,REVOLUTIONIZE OPEN-SOURCE CONVERGENCE,xJnM77050,UNMATCHED,7573
4005,15812.31,2023-10-17,WHITEBOARD INTERACTIVE SCHEMAS,zBzC82709,UNMATCHED,7578
4006,12401.5,2025-04-15,TRANSFORM E-BUSINESS INITIATIVES,BbgL44498,UNMATCHED,7579
4007,10297.44,2024-12-23,STRATEGIZE FRONT-END DELIVERABLES,rFFX46184,UNMATCHED,7582
4008,30449.86,2024-05-12,GROW INNOVATIVE VORTALS,oqrU16484,UNMATCHED,7583
4009,17350.49,2024-04-18,EMBRACE KILLER PARTNERSHIPS,YUxv83104,UNMATCHED,7584
4010,34392.16,2024-10-22,MONETIZE TURN-KEY SOLUTIONS,KHqm70471,UNMATCHED,7590
4011,8232.82,2025-06-01,STREAMLINE VERTICAL NICHES,keti32412,UNMATCHED,7591
4012,3026.46,2025-02-06,DELIVER DOT-COM PARADIGMS,TOCS62261,UNMATCHED,7598
4013,14576.16,2025-01-10,DISINTERMEDIATE CLICKS-AND-MORTAR E-MARKETS,MBNj23724,UNMATCHED,7599
4014,4075.39,2024-12-28,GENERATE VALUE-ADDED SYNERGIES,ZIQQ94032,UNMATCHED,7603
4015,38207.76,2024-05-01,MORPH VISIONARY CONTENT,yVeN73968,UNMATCHED,7607
4016,24544.0,2025-03-21,STREAMLINE STICKY ACTION-ITEMS,DwnA17585,UNMATCHED,7613
4017,2429.11,2025-03-04,MESH TRANSPARENT INFO-MEDIARIES,pGDj95627,UNMATCHED,7615
4018,11019.38,2023-10-28,EMBRACE OUT-OF-THE-BOX WEB-READINESS,gLZN85908,UNMATCHED,7621
4019,21868.91,2024-10-15,STRATEGIZE CUTTING-EDGE PORTALS,VQvB57123,UNMATCHED,7623
4020,14222.0,2024-06-22,EXTEND WIRELESS SYNERGIES,Spxj80664,UNMATCHED,7627
4021,32407.44,2023-12-23,LEVERAGE VIRTUAL EYEBALLS,aFTx34659,UNMATCHED,7633
4022,6578.09,2025-07-20,EMPOWER VALUE-ADDED INFO-MEDIARIES,VQzW38612,UNMATCHED,7638
4023,17681.86,2025-05-22,REINVENT DOT-COM E-MARKETS,TtBM75147,UNMATCHED,7642
4024,20687.4,2023-11-17,PRODUCTIZE VERTICAL INITIATIVES,KLfO30528,UNMATCHED,7645
4025,1908.89,2024-08-21,REDEFINE COMPELLING PLATFORMS,DOqE17139,UNMATCHED,7648
4026,12879.44,2024-05-14,DRIVE HOLISTIC DELIVERABLES,WJyM92846,UNMATCHED,7649
4027,10148.9,2023-10-31,INTEGRATE COMPELLING ARCHITECTURES,TyMg75870,UNMATCHED,7653
4028,814.49,2025-01-16,TARGET FRICTIONLESS VORTALS,sADq58101,UNMATCHED,7655
4029,23655.36,2025-02-07,BRAND FRICTIONLESS APPLICATIONS,UtSu57497,UNMATCHED,7658
4030,1655.04,2024-07-13,TARGET PLUG-AND-PLAY CHANNELS,JEej11593,UNMATCHED,7660
4031,7612.02,2023-09-23,STRATEGIZE DOT-COM INFRASTRUCTURES,ZBzi84015,UNMATCHED,7661
4032,8186.64,2025-01-23,UTILIZE RICH EYEBALLS,oInQ17230,UNMATCHED,7664
4033,23587.58,2024-02-07,REPURPOSE PROACTIVE DELIVERABLES,aMcm60842,UNMATCHED,7670
4034,7008.24,2024-01-09,SYNDICATE DISTRIBUTED SYSTEMS,RINE57278,UNMATCHED,7672
4035,5981.18,2024-09-29,INTEGRATE COMPELLING ROI,msNT93440,UNMATCHED,7673
4036,20056.74,2024-11-06,TRANSFORM CROSS-MEDIA E-MARKETS,OibK52277,UNMATCHED,7676
4037,5834.79,2025-09-10,LEVERAGE DYNAMIC WEB-READINESS,zYtc26861,UNMATCHED,7678
4038,23354.51,2024-07-12,INNOVATE BRICKS-AND-CLICKS VORTALS,ysuz18409,UNMATCHED,7680
4039,10419.24,2025-10-14,UTILIZE USER-CENTRIC INITIATIVES,WkzN65540,UNMATCHED,7681
4040,2407.04,2024-06-22,DEPLOY TURN-KEY SYSTEMS,ssax70852,UNMATCHED,7686
4041,8425.34,2024-11-12,MAXIMIZE CROSS-MEDIA MINDSHARE,GJAt61866,UNMATCHED,7687
4042,2644.49,2024-05-25,EMBRACE LEADING-EDGE INFRASTRUCTURES,JMVA84168,UNMATCHED,7688
4043,17651.74,2025-05-24,UTILIZE FRICTIONLESS TECHNOLOGIES,NzZx45361,UNMATCHED,7689
4044,5053.76,2025-05-30,REDEFINE PLUG-AND-PLAY E-TAILERS,yhQy11837,UNMATCHED,7691
4045,7138.16,2025-01-23,ENHANCE UBIQUITOUS INTERFACES,lRlM58850,UNMATCHED,7695
4046,1599.6,2024-12-05,EXPLOIT B2B EYEBALLS,jEqi93387,UNMATCHED,7696
4047,4190.29,2025-09-03,SEIZE 24/365 PARADIGMS,eFwE58304,UNMATCHED,7699
4048,2700.56,2024-09-27,MATRIX SCALABLE FUNCTIONALITIES,WKkt83412,UNMATCHED,7703
4049,3333.26,2023-11-17,UTILIZE CROSS-MEDIA SCHEMAS,evGL53550,UNMATCHED,7705
4050,13315.9,2024-04-13,PRODUCTIZE TRANSPARENT ACTION-ITEMS,YYcr12417,UNMATCHED,7706
4051,825.01,2024-04-16,SYNERGIZE COLLABORATIVE PORTALS,cfak37723,UNMATCHED,7708
4052,25195.2,2024-11-02,ENABLE DYNAMIC NICHES,vmEf87010,UNMATCHED,7713
4053,6275.35,2025-04-14,UNLEASH MISSION-CRITICAL USERS,hEeM53807,UNMATCHED,7714
4054,11359.44,2025-08-12,BRAND OUT-OF-THE-BOX EXPERIENCES,jful00647,UNMATCHED,7726
4055,3024.71,2024-08-17,STRATEGIZE GRANULAR SYSTEMS,Wlnx73990,UNMATCHED,7729
4056,19728.86,2025-03-03,MAXIMIZE OUT-OF-THE-BOX ACTION-ITEMS,PyQx58423,UNMATCHED,7730
4057,6571.87,2024-07-20,LEVERAGE DYNAMIC METHODOLOGIES,KCVU76308,UNMATCHED,7731
4058,14360.58,2024-12-05,EMBRACE 24/7 COMMUNITIES,zgjh05790,UNMATCHED,7737
4059,25007.4,2024-06-17,ITERATE FRICTIONLESS INFRASTRUCTURES,QgBU65586,UNMATCHED,7741
4060,17731.27,2024-03-15,MORPH CUSTOMIZED PARADIGMS,pgTt35178,UNMATCHED,7743
4061,10211.22,2024-04-28,ARCHITECT GLOBAL FUNCTIONALITIES,mmPB85875,UNMATCHED,7746
4062,4129.38,2024-04-27,PRODUCTIZE WEB-ENABLED SOLUTIONS,jgMx63389,UNMATCHED,7747
4063,887.54,2025-01-28,MATRIX 24/7 PLATFORMS,AMNY37751,UNMATCHED,7749
4064,15284.93,2024-08-23,EXTEND INTEGRATED WEB-READINESS,iQWf88451,UNMATCHED,7752
4065,1298.24,2024-05-08,FACILITATE MAGNETIC DELIVERABLES,ycKY92814,UNMATCHED,7754
4066,1034.38,2024-09-23,DEPLOY ONE-TO-ONE E-MARKETS,qrrU94766,UNMATCHED,7755
4067,784.61,2024-11-27,SCALE MAGNETIC METHODOLOGIES,qSfH62604,UNMATCHED,7756
4068,11137.0,2025-01-07,EXTEND CROSS-PLATFORM ACTION-ITEMS,ozQu26006,UNMATCHED,7759
4069,25436.58,2023-10-28,WHITEBOARD DOT-COM SYNERGIES,DwCH54081,UNMATCHED,7761
4070,9635.44,2025-05-06,GROW MAGNETIC PARADIGMS,qavF16540,UNMATCHED,7765
4071,4021.95,2025-08-19,STRATEGIZE RICH INFO-MEDIARIES,zwRo42176,UNMATCHED,7769
4072,4098.8,2025-03-08,EMPOWER FRICTIONLESS MARKETS,ignQ59481,UNMATCHED,7770
4073,37821.4,2023-09-21,FACILITATE KILLER CHANNELS,SNBw72981,UNMATCHED,7779
4074,10909.91,2024-12-31,MONETIZE 24/365 CONVERGENCE,oBWZ19181,UNMATCHED,7780
4075,4004.9,2025-08-11,REPURPOSE WEB-ENABLED ARCHITECTURES,TfKF39952,UNMATCHED,7782
4076,13481.66,2024-07-18,PRODUCTIZE UBIQUITOUS E-COMMERCE,dBfr93724,UNMATCHED,7784
4077,6492.82,2024-09-29,INTEGRATE EXTENSIBLE SOLUTIONS,kZDi04345,UNMATCHED,7787
4078,2121.0,2024-06-22,DISINTERMEDIATE END-TO-END INFO-MEDIARIES,VFsC72014,UNMATCHED,7792
4079,7813.56,2025-07-19,REDEFINE B2C PORTALS,AzCg38987,UNMATCHED,7793
4080,680.06,2025-08-04,SYNTHESIZE REAL-TIME EXPERIENCES,jZrz01312,UNMATCHED,7794
4081,26753.11,2024-10-18,ITERATE SEAMLESS METHODOLOGIES,WQDt96431,UNMATCHED,7798
4082,1341.84,2024-05-10,EXTEND TURN-KEY CONVERGENCE,FHJN42404,UNMATCHED,7801
4083,12366.82,2023-10-10,SCALE VIRAL INFRASTRUCTURES,DJuV97830,UNMATCHED,7802
4084,1754.99,2024-08-11,EXTEND STRATEGIC ROI,KNcq53744,UNMATCHED,7804
4085,15944.4,2024-09-18,MATRIX NEXT-GENERATION METHODOLOGIES,NzkU44290,UNMATCHED,7805
4086,2296.69,2025-08-29,EMPOWER ONE-TO-ONE INTERFACES,SvEd91911,UNMATCHED,7807
4087,4867.39,2024-05-01,GROW STRATEGIC INITIATIVES,newI31957,UNMATCHED,7808
4088,1673.04,2024-08-07,REVOLUTIONIZE TURN-KEY TECHNOLOGIES,Yswr88935,UNMATCHED,7813
4089,21242.08,2024-01-21,DRIVE VERTICAL INFO-MEDIARIES,crjA11118,UNMATCHED,7817
4090,9843.76,2024-01-18,REVOLUTIONIZE CROSS-MEDIA INITIATIVES,GPDa94684,UNMATCHED,7818
4091,24433.02,2024-11-16,ORCHESTRATE ENTERPRISE BANDWIDTH,UwNP29004,UNMATCHED,7826
4092,15012.19,2024-12-24,STREAMLINE REAL-TIME METHODOLOGIES,vzHF30703,UNMATCHED,7828
4093,35795.24,2025-03-15,DRIVE 24/7 PARTNERSHIPS,hoPQ98226,UNMATCHED,7830
4094,30762.59,2025-04-25,INNOVATE WEB-ENABLED ARCHITECTURES,moyI89831,UNMATCHED,7837
4095,8739.7,2024-01-14,EVOLVE INTEGRATED PARADIGMS,xSTD05554,UNMATCHED,7841
4096,10731.42,2023-12-07,REDEFINE USER-CENTRIC METRICS,VmJg81278,UNMATCHED,7842
4097,31255.01,2024-02-25,ENGAGE VERTICAL SYSTEMS,JyKr50500,UNMATCHED,7844
4098,6437.89,2025-09-18,FACILITATE INNOVATIVE INITIATIVES,wYsy99688,UNMATCHED,7846
4099,5007.55,2024-10-05,REINVENT INTUITIVE MINDSHARE,fYGA96280,UNMATCHED,7851
4100,2955.94,2025-07-18,UTILIZE B2C ROI,LZUb81527,UNMATCHED,7852
4101,6090.88,2024-09-22,OPTIMIZE WIRELESS INFO-MEDIARIES,mNkq36000,UNMATCHED,7856
4102,13690.87,2024-05-14,AGGREGATE FRICTIONLESS E-MARKETS,kThm82327,UNMATCHED,7859
4103,798.98,2024-04-03,ORCHESTRATE WEB-ENABLED SYNERGIES,esjy88958,UNMATCHED,7860
4104,12462.6,2025-01-10,RE-INTERMEDIATE ROBUST EYEBALLS,sJqx82938,UNMATCHED,7861
4105,3291.84,2024-04-09,DELIVER VALUE-ADDED PLATFORMS,eAuy96692,UNMATCHED,7863
4106,1594.74,2023-11-17,UNLEASH ENTERPRISE SYSTEMS,uErE57678,UNMATCHED,7864
4107,20940.4,2024-04-09,STRATEGIZE WIRELESS SOLUTIONS,sCpW90347,UNMATCHED,7869
4108,3204.06,2025-03-27,E-ENABLE INNOVATIVE SCHEMAS,cnVg11139,UNMATCHED,7870
4109,19996.74,2023-11-23,INNOVATE ROBUST COMMUNITIES,gSAv62917,UNMATCHED,7877
4110,8859.96,2024-08-07,RE-INTERMEDIATE USER-CENTRIC WEB SERVICES,kZkE45174,UNMATCHED,7879
4111,10842.0,2023-11-26,AGGREGATE FRONT-END CONTENT,GfGh10350,UNMATCHED,7888
4112,1814.65,2024-06-20,REPURPOSE PLUG-AND-PLAY CONTENT,KjZu51079,UNMATCHED,7890
4113,9435.78,2024-09-15,EXTEND 24/365 APPLICATIONS,jOpK56918,UNMATCHED,7891
4114,5511.94,2023-12-06,GROW B2B SUPPLY-CHAINS,PgDE81766,UNMATCHED,7892
4115,7560.15,2024-09-19,EMPOWER VISIONARY RELATIONSHIPS,usXm39931,UNMATCHED,7893
4116,33747.21,2025-06-24,SYNERGIZE B2B E-SERVICES,fBdV67662,UNMATCHED,7895
4117,21973.14,2024-05-26,RE-CONTEXTUALIZE STRATEGIC MARKETS,FTbv57327,UNMATCHED,7898
4118,11913.96,2024-09-28,MONETIZE STICKY ARCHITECTURES,hWOP95663,UNMATCHED,7900
4119,38879.2,2023-10-07,OPTIMIZE VERTICAL APPLICATIONS,kFPk48230,UNMATCHED,7903
4120,28300.69,2024-02-04,REINVENT FRICTIONLESS INTERFACES,KJky87304,UNMATCHED,7904
4121,13129.02,2024-01-01,DELIVER B2B PORTALS,ClKk41545,UNMATCHED,7910
4122,18723.31,2023-11-23,CULTIVATE REVOLUTIONARY ROI,mkeR90984,UNMATCHED,7919
4123,11612.27,2024-08-01,EXTEND BEST-OF-BREED MARKETS,sJBe28207,UNMATCHED,7920
4124,11453.13,2023-12-31,REPURPOSE DISTRIBUTED METRICS,qCiF65189,UNMATCHED,7922
4125,4709.29,2024-11-15,DISINTERMEDIATE OPEN-SOURCE DELIVERABLES,nNGG77327,UNMATCHED,7931
4126,904.25,2025-02-24,INCENTIVIZE DISTRIBUTED CHANNELS,Snme99268,UNMATCHED,7932
4127,28045.92,2023-11-25,INCUBATE EXTENSIBLE EXPERIENCES,WKCR93554,UNMATCHED,7937
4128,4445.2,2023-10-05,RE-CONTEXTUALIZE PLUG-AND-PLAY EYEBALLS,SRXD21095,UNMATCHED,7938
4129,33369.4,2025-03-17,ENGINEER CROSS-MEDIA MARKETS,ibcq03929,UNMATCHED,7945
4130,1139.76,2024-03-31,ITERATE END-TO-END MINDSHARE,KUYE69242,UNMATCHED,7947
4131,1491.51,2025-06-18,EMPOWER VALUE-ADDED TECHNOLOGIES,VZts90731,UNMATCHED,7948
4132,2838.76,2024-01-09,ENHANCE OUT-OF-THE-BOX INTERFACES,Ntvu42415,UNMATCHED,7954
4133,4536.22,2025-01-27,BENCHMARK INTUITIVE PARADIGMS,DPyW15766,UNMATCHED,7955
4134,21446.4,2024-09-23,SYNERGIZE EXTENSIBLE INFO-MEDIARIES,PUbc73037,UNMATCHED,7957
4135,11378.45,2025-04-26,TRANSFORM ONE-TO-ONE PLATFORMS,YjzS20880,UNMATCHED,7958
4136,1723.01,2023-10-21,REINVENT VALUE-ADDED E-COMMERCE,YlpV15755,UNMATCHED,7959
4137,6533.34,2024-04-28,TRANSITION WORLD-CLASS PARADIGMS,TZnN36707,UNMATCHED,7960
4138,17959.9,2024-02-26,STRATEGIZE VIRTUAL ROI,qfaF35727,UNMATCHED,7961
4139,23824.94,2025-04-25,REINVENT BRICKS-AND-CLICKS APPLICATIONS,PGis73449,UNMATCHED,7962
4140,3806.03,2024-03-17,ORCHESTRATE FRICTIONLESS VORTALS,bBYl90291,UNMATCHED,7967
4141,4794.72,2024-06-26,REPURPOSE END-TO-END SCHEMAS,WOFf27398,UNMATCHED,7970
4142,5744.64,2023-12-02,RE-CONTEXTUALIZE STICKY PARTNERSHIPS,ODMk56182,UNMATCHED,7974
4143,10749.96,2025-01-09,INNOVATE ROBUST PORTALS,unZx14240,UNMATCHED,7976
4144,10942.08,2024-12-08,IMPLEMENT BLEEDING-EDGE WEB-READINESS,owmj74028,UNMATCHED,7978
4145,647.69,2025-01-01,IMPLEMENT TURN-KEY WEB-READINESS,xoRK81398,UNMATCHED,7979
4146,17613.19,2025-04-08,SYNDICATE INTEGRATED PARTNERSHIPS,CQbN72176,UNMATCHED,7980
4147,2376.04,2024-04-18,EXPEDITE DOT-COM SYSTEMS,szHI92615,UNMATCHED,7982
4148,24203.14,2024-02-07,INCENTIVIZE STRATEGIC INFRASTRUCTURES,fQVl86953,UNMATCHED,7983
4149,6343.92,2024-08-13,REDEFINE DYNAMIC PARADIGMS,yDql86058,UNMATCHED,7987
4150,33524.54,2024-11-28,EXPLOIT INTERACTIVE INFRASTRUCTURES,JPof42119,UNMATCHED,7990
4151,11518.91,2024-05-06,PRODUCTIZE REVOLUTIONARY FUNCTIONALITIES,soDF38539,UNMATCHED,7992
4152,25297.74,2024-07-14,SYNERGIZE EFFICIENT BANDWIDTH,Yaal52827,UNMATCHED,7997
4153,22545.28,2025-05-02,ENGAGE B2C E-SERVICES,ptPP92504,UNMATCHED,7998
4154,8340.36,2024-09-12,CULTIVATE SEAMLESS INITIATIVES,vqMb51944,UNMATCHED,8000
